Outcome Variable,Drug concept ID,estimate,std.error,p.value,significant
Conditions,700465,1.293790642330018,0.07037146795056023,1.727318685876069e-75,Significant
Conditions,704943,0.7715416647334917,0.0060746478192159415,0,Significant
Conditions,705103,1.2169449099903082,0.004247014253477052,0,Significant
Conditions,714684,1.3965553736616465,0.025104193803078104,0,Significant
Conditions,715939,1.1716508667534224,0.002387112487547483,0,Significant
Conditions,716968,1.0319049093472747,0.020747101749903397,0,Significant
Conditions,717136,1.5123460459680615,0.014678817620418816,0,Significant
Conditions,721724,1.007967888605593,0.00501829795238754,0,Significant
Conditions,722424,1.2324813707217601,0.020876905404710332,0,Significant
Conditions,730548,1.3494396227456955,0.019481956930352772,0,Significant
Conditions,735340,0.8140027071632738,0.011494270979230304,0,Significant
Conditions,735850,1.3669267277621118,0.016436739278278132,0,Significant
Conditions,739138,1.2367454340860242,0.002398851276828922,0,Significant
Conditions,740275,1.2371903503440254,0.006902611392673165,0,Significant
Conditions,741530,0.8966304644386184,0.03793570442674369,1.6628157897819755e-123,Significant
Conditions,745466,1.3579448973177217,0.003895709030004245,0,Significant
Conditions,751347,0.7454521380350767,0.010667710855162762,0,Significant
Conditions,752061,1.4359959466604892,0.0021105087499815596,0,Significant
Conditions,755695,1.184714101150221,0.0036282654422005413,0,Significant
Conditions,767410,2.0698456362024205,0.03350622602263253,0,Significant
Conditions,778268,1.048161670513154,0.014010745518413659,0,Significant
Conditions,780369,0.8496922380273773,0.008223769922908894,0,Significant
Conditions,781182,0.5665670147358395,0.01293779449574815,0,Significant
Conditions,790253,1.5434929653117564,0.024036180041794475,0,Significant
Conditions,795661,0.6134941734999861,0.04857706765228258,1.4557451412669382e-36,Significant
Conditions,797617,1.3297486773979046,0.00289605478999261,0,Significant
Conditions,800878,1.3289356535029224,0.012091775120748759,0,Significant
Conditions,836715,1.1748922055779893,0.0050081301395396875,0,Significant
Conditions,904356,0.6678636317341445,0.008362227185183533,0,Significant
Conditions,906914,1.0383415250361183,0.0051207847792362855,0,Significant
Conditions,907879,1.3675852694377013,0.0024915308684419694,0,Significant
Conditions,916230,1.0944541414198328,0.013549876525411354,0,Significant
Conditions,917006,1.064336768519977,0.0018787697618804018,0,Significant
Conditions,918906,1.1993427503212861,0.0033319103269429475,0,Significant
Conditions,919204,1.3611484147387156,0.003957431132773864,0,Significant
Conditions,920293,0.8168165446218851,0.00287829974173561,0,Significant
Conditions,923081,0.5253225480625968,0.00501630494298655,0,Significant
Conditions,923672,0.8852586267394337,0.00452218334060776,0,Significant
Conditions,924724,0.9334433721978246,0.005527867713755304,0,Significant
Conditions,929435,1.3318056437478945,0.0032032770903979717,0,Significant
Conditions,931973,1.3611484147387156,0.003957431132773864,0,Significant
Conditions,937368,1.1170154848021305,0.016997949889539087,0,Significant
Conditions,951279,1.0522338877577802,0.0037186707989194916,0,Significant
Conditions,964339,1.1863170748023835,0.012059753661710556,0,Significant
Conditions,965748,0.8915359787970929,0.0036524253747595003,0,Significant
Conditions,966991,1.4920809966553716,0.0010920188863703527,0,Significant
Conditions,974166,1.2229255114902347,0.0014794400678731093,0,Significant
Conditions,985708,0.5927662931921972,0.0031198235527660663,0,Significant
Conditions,986117,0.659076776775452,0.014917963122201157,0,Significant
Conditions,987245,1.3832324699935075,0.0018997731055287101,0,Significant
Conditions,990499,1.4254776510871872,0.0017068037358290834,0,Significant
Conditions,990760,1.3611484147387156,0.003957431132773864,0,Significant
Conditions,992590,1.739856394222188,0.0036805957757279693,0,Significant
Conditions,997881,0.8945183992846918,0.0020457962421097796,0,Significant
Conditions,1036228,1.1344242536682085,0.0033819318511059218,0,Significant
Conditions,1037005,1.1883339671789728,0.004116638352429303,0,Significant
Conditions,1103552,0.9320600540507471,0.03933125025166909,3.8083123689097214e-124,Significant
Conditions,1107830,1.020754108351175,0.002594530152701998,0,Significant
Conditions,1111706,1.0857591960084836,0.022664558900440963,0,Significant
Conditions,1113648,0.8038386183130015,0.007732047063139332,0,Significant
Conditions,1115008,0.8765872795053887,0.002105685754526609,0,Significant
Conditions,1116031,0.9486915415441912,0.015644420269162188,0,Significant
Conditions,1118045,0.49574078668953064,0.025525298658893705,5.07383173831185e-84,Significant
Conditions,1118084,0.9369953553880236,0.0032047062901013014,0,Significant
Conditions,1118117,1.0154408306314355,0.0197951517708574,0,Significant
Conditions,1126128,0.7652876877038157,0.017006460823056086,0,Significant
Conditions,1136601,0.9034155268632196,0.002563830145080039,0,Significant
Conditions,1136980,1.0787065378293066,0.0015350607131788669,0,Significant
Conditions,1137460,1.5492010480074876,0.054021872980807156,7.324629637266092e-181,Significant
Conditions,1137529,1.2342245419478224,0.0024619977564844923,0,Significant
Conditions,1139179,0.5701714691940354,0.007002174800516491,0,Significant
Conditions,1140643,0.8445261341576626,0.004904345954174325,0,Significant
Conditions,1146810,1.0044998481846987,0.024724679604816762,0,Significant
Conditions,1149380,1.0147034510381918,0.0014572605653159977,0,Significant
Conditions,1150345,0.8627740286097613,0.0023708531271123875,0,Significant
Conditions,1154077,1.0162885128744525,0.010284720864606826,0,Significant
Conditions,1156378,0.6259470680272492,0.011974258153471022,0,Significant
Conditions,1167322,1.479166078996134,0.0022679839205894327,0,Significant
Conditions,1177480,1.0223573628982037,0.001341275617426776,0,Significant
Conditions,1178663,1.1023621027187904,0.004887863892831972,0,Significant
Conditions,1185922,0.6802174381593205,0.027151002519187555,1.61421702833806e-138,Significant
Conditions,1189458,0.8004925723797661,0.024470114157895614,1.0180804260896953e-234,Significant
Conditions,1189697,0.9079268950084091,0.015946878784730247,0,Significant
Conditions,1195492,0.9333266287770503,0.011863591791192217,0,Significant
Conditions,1197736,1.032745491269754,0.04518624913648193,1.294248015548097e-115,Significant
Conditions,1236607,1.132861257184212,0.020063789650062572,0,Significant
Conditions,1301125,1.1662928453381727,0.0052393667399303545,0,Significant
Conditions,1304107,1.053565249469108,0.01824200883413249,0,Significant
Conditions,1304643,1.5457293982352456,0.0022380278291449568,0,Significant
Conditions,1305058,1.2052918770757335,0.005644688686454701,0,Significant
Conditions,1305447,1.491138172335871,0.022393192324945434,0,Significant
Conditions,1308216,1.301900818917897,0.0015236762830429195,0,Significant
Conditions,1309204,1.7649022553126619,0.005523426091337233,0,Significant
Conditions,1314924,1.4109948817872526,0.015170034589884694,0,Significant
Conditions,1317640,1.180492955058835,0.006751614833786521,0,Significant
Conditions,1318853,1.2749567231703918,0.0030727837706255186,0,Significant
Conditions,1321636,1.670052919130571,0.019930306045288223,0,Significant
Conditions,1322184,1.5900216163029606,0.0016829101586944447,0,Significant
Conditions,1328165,1.4088097079131465,0.0024223820107800833,0,Significant
Conditions,1331235,1.335893584475653,0.004688242128812221,0,Significant
Conditions,1331270,1.2591870600027828,0.006122880475667305,0,Significant
Conditions,1332418,1.3388897526074062,0.0012419823887808005,0,Significant
Conditions,1334456,1.2842593922227226,0.002965630431396738,0,Significant
Conditions,1335539,0.8142175778446583,0.03141886437010959,4.5212025217353045e-148,Significant
Conditions,1336825,1.5628026368775212,0.008722618646141031,0,Significant
Conditions,1340128,1.6332771137652518,0.0038641640901263498,0,Significant
Conditions,1342001,1.7427743636770323,0.01313472905872255,0,Significant
Conditions,1342439,1.1833067412655445,0.035378048670159735,2.7998669912077397e-245,Significant
Conditions,1351557,1.2085488226235042,0.007397019805364629,0,Significant
Conditions,1356461,1.5119139869673517,0.051596063075315515,9.527039605684761e-189,Significant
Conditions,1396012,1.205885397171627,0.0034533311647178652,0,Significant
Conditions,1436678,0.6864220103679936,0.0073893511310293425,0,Significant
Conditions,1504620,1.2495310536709927,0.008496647148227069,0,Significant
Conditions,1517824,1.0777127757767726,0.003981174993854253,0,Significant
Conditions,1525215,1.2286802669998165,0.00547495130279032,0,Significant
Conditions,1529331,1.3057711446670082,0.014918587579848435,0,Significant
Conditions,1547504,1.7645463033872328,0.009320100200775335,0,Significant
Conditions,1548195,0.8543713309951831,0.0033300611819521955,0,Significant
Conditions,1549080,1.012221805904353,0.0057717683332451,0,Significant
Conditions,1554072,1.7626797786182566,0.026365420449229706,0,Significant
Conditions,1580747,1.2297802664089124,0.0030709794589051653,0,Significant
Conditions,1702559,0.8801485539281053,0.0200247986634442,0,Significant
Conditions,1703653,0.8594040559336941,0.022325512286829382,0,Significant
Conditions,1703687,1.2489773280754595,0.002823708301270087,0,Significant
Conditions,1704139,1.517510541738981,0.005339738613147085,0,Significant
Conditions,1704183,1.4908172590520934,0.005424112446840376,0,Significant
Conditions,1710612,1.4725801177563393,0.014071769148526432,0,Significant
Conditions,1711246,1.7584524126142236,0.010169431965097099,0,Significant
Conditions,1714277,1.4800974054324145,0.0039579987022732325,0,Significant
Conditions,1715472,1.3909362921426798,0.03954554114875278,5.169895729010369e-271,Significant
Conditions,1718054,1.6502213791156395,0.007540721456576702,0,Significant
Conditions,1721543,1.3360044505141746,0.016814389653280873,0,Significant
Conditions,1724869,0.8271278553299053,0.03342112170703493,3.205294107693812e-135,Significant
Conditions,1727443,0.8271568857002997,0.029832337675166812,3.314018610158591e-169,Significant
Conditions,1729720,0.7132559011690567,0.005851091780892422,0,Significant
Conditions,1736971,1.5569957663973337,0.007879452034903516,0,Significant
Conditions,1738135,1.374880337782073,0.01079980972528153,0,Significant
Conditions,1741309,0.5855655520049198,0.007055929096591288,0,Significant
Conditions,1742253,1.148906730922873,0.0013740380168199054,0,Significant
Conditions,1746940,0.8297972382441842,0.0037642106156179616,0,Significant
Conditions,1754994,1.2179749992562532,0.0018508712437406945,0,Significant
Conditions,1756831,1.145174798644711,0.0091404264853264,0,Significant
Conditions,1763204,1.4314074418451026,0.0048784891454566786,0,Significant
Conditions,1763779,0.2700070787674019,0.03396231077720137,1.8621438154042703e-15,Significant
Conditions,1769389,2.259034501862349,0.037417695578560346,0,Significant
Conditions,1781406,2.1990235721010056,0.04328921478152973,0,Significant
Conditions,1782521,1.2188685992042727,0.00793794522079743,0,Significant
Conditions,1789276,0.6471948396791553,0.009069593356280863,0,Significant
Conditions,1794280,0.845291064425929,0.04226051625147181,5.3002706720305455e-89,Significant
Conditions,1797513,0.774233568760788,0.0017535934633734918,0,Significant
Conditions,19008339,1.3369991821310738,0.003322041781074957,0,Significant
Conditions,19010482,1.1992221052880996,0.003047619689311836,0,Significant
Conditions,19049105,1.3785810493644246,9.152622639914636e-4,0,Significant
Days in Hospital,700465,1.3192672775172674,0.11888523568864721,1.2975207614087218e-28,Significant
Days in Hospital,704943,0.6634673805463459,0.011699060035706473,0,Significant
Days in Hospital,705103,1.1028066998764758,0.007677028722598962,0,Significant
Days in Hospital,714684,1.2372955245022492,0.046562948378633624,1.410338328471308e-155,Significant
Days in Hospital,715939,0.9512872827299935,0.0047459751545374,0,Significant
Days in Hospital,716968,0.9313564426610554,0.03844418969931355,1.1785541499812612e-129,Significant
Days in Hospital,717136,0.8371688652581482,0.04221134696963833,1.5518209002877921e-87,Significant
Days in Hospital,721724,0.8072739195951727,0.009629908876353753,0,Significant
Days in Hospital,722424,1.0803710071316954,0.037266905613865926,8.772353342151457e-185,Significant
Days in Hospital,730548,0.9640510559832575,0.04016433662057068,2.6082910094682206e-127,Significant
Days in Hospital,735340,0.5523654009021182,0.022991822191392026,1.5451540372851822e-127,Significant
Days in Hospital,735850,1.3146766654373647,0.032891033822207746,0,Significant
Days in Hospital,739138,1.0467389889439123,0.004777867180268242,0,Significant
Days in Hospital,740275,1.0491447896645565,0.013194248969872754,0,Significant
Days in Hospital,741530,0.8302014611109375,0.06544547747568025,7.125750036188916e-37,Significant
Days in Hospital,745466,0.9969176173746345,0.0076698712241371,0,Significant
Days in Hospital,751347,0.6500122561590792,0.02176669321909941,6.00562366158828e-196,Significant
Days in Hospital,752061,1.1966707520337407,0.004521955371963318,0,Significant
Days in Hospital,755695,1.041783290285454,0.006939580564519104,0,Significant
Days in Hospital,767410,1.484401283375601,0.05504324820223415,3.517533590696588e-160,Significant
Days in Hospital,778268,0.8969741585676394,0.026910349248735685,1.3308862770827127e-243,Significant
Days in Hospital,780369,0.7345080238966418,0.015901461250580964,0,Significant
Days in Hospital,781182,0.501574988359894,0.02540944381575301,9.834568313604998e-87,Significant
Days in Hospital,790253,1.1269573872825565,0.04197234956473904,8.435655758320274e-159,Significant
Days in Hospital,795661,0.7418376133603416,0.07342654836237753,5.350920285104948e-24,Significant
Days in Hospital,797617,1.0395703820846378,0.005864638632946926,0,Significant
Days in Hospital,800878,0.9732419656891769,0.020061768934037834,0,Significant
Days in Hospital,836715,0.9592699580632429,0.010572600951044397,0,Significant
Days in Hospital,904356,0.5642232070488538,0.01619085229636175,4.5223215328337536e-266,Significant
Days in Hospital,906914,0.6501462292431652,0.010928545352360002,0,Significant
Days in Hospital,907879,0.6170373523493694,0.006553614283931386,0,Significant
Days in Hospital,916230,1.0033390312079946,0.025876830698883788,0,Significant
Days in Hospital,917006,0.6105752370089089,0.0042599143146060826,0,Significant
Days in Hospital,918906,0.9708194971082251,0.006769352679674615,0,Significant
Days in Hospital,919204,1.1136274973452889,0.008536039610818356,0,Significant
Days in Hospital,920293,0.6410857602603097,0.0056386121809071,0,Significant
Days in Hospital,923081,0.5174746891831505,0.00981028736226884,0,Significant
Days in Hospital,923672,0.6965645977399475,0.009263723343538364,0,Significant
Days in Hospital,924724,0.7606040226106329,0.01110529397174183,0,Significant
Days in Hospital,929435,0.6443058628262998,0.007850187505167012,0,Significant
Days in Hospital,931973,1.1136274973452889,0.008536039610818356,0,Significant
Days in Hospital,937368,0.9567955978033885,0.034061149987815766,1.2788053834085814e-173,Significant
Days in Hospital,951279,0.8003573393901937,0.008054612520599537,0,Significant
Days in Hospital,964339,0.9529141110258028,0.02376196618466868,0,Significant
Days in Hospital,965748,0.6023352783839502,0.008064486666927275,0,Significant
Days in Hospital,966991,1.1527707344797964,0.0022545233881972183,0,Significant
Days in Hospital,974166,1.1013839762670523,0.002939152087326205,0,Significant
Days in Hospital,985708,0.49744454540167665,0.006130330687902754,0,Significant
Days in Hospital,986117,0.5166992349024379,0.026789186683052843,6.826395296471375e-83,Significant
Days in Hospital,987245,0.8823921248652852,0.004463195102750416,0,Significant
Days in Hospital,990499,0.9747306804998814,0.003907557280574196,0,Significant
Days in Hospital,990760,1.1136274973452889,0.008536039610818356,0,Significant
Days in Hospital,992590,0.7550758797910119,0.010384199265422788,0,Significant
Days in Hospital,997881,0.6769569610226155,0.00417700051821209,0,Significant
Days in Hospital,1036228,0.8321173232278241,0.007256114062308273,0,Significant
Days in Hospital,1037005,0.786958406635406,0.009745850727633376,0,Significant
Days in Hospital,1103552,0.884941638468967,0.06754030625093319,3.1891293195843816e-39,Significant
Days in Hospital,1107830,0.7964789777013475,0.005436565286275861,0,Significant
Days in Hospital,1111706,1.1414933423366662,0.045110414450304726,2.855002997782931e-141,Significant
Days in Hospital,1113648,0.7917164345830492,0.01411603984232579,0,Significant
Days in Hospital,1115008,0.8019924065664967,0.004049733161407265,0,Significant
Days in Hospital,1116031,0.9021758784414384,0.027804419293118422,5.930035095734556e-231,Significant
Days in Hospital,1118045,0.4167256608946657,0.052202739473959155,1.4301434411908155e-15,Significant
Days in Hospital,1118084,0.8473772285941018,0.006070148579497381,0,Significant
Days in Hospital,1118117,0.5967448619493074,0.03955752487267537,2.0175442537777847e-51,Significant
Days in Hospital,1126128,0.6715574705197453,0.03090070298253069,1.0057837214812722e-104,Significant
Days in Hospital,1136601,0.5604965149888242,0.005634264533358957,0,Significant
Days in Hospital,1136980,0.9039361860050434,0.0030795654749975723,0,Significant
Days in Hospital,1137460,1.1642104056019915,0.09881639028603402,4.8590267405708067e-32,Significant
Days in Hospital,1137529,1.0844045521000363,0.004999630996943991,0,Significant
Days in Hospital,1139179,0.588806337190783,0.012863643244599545,0,Significant
Days in Hospital,1140643,0.7350368959588554,0.009658432981205441,0,Significant
Days in Hospital,1146810,0.9237649635536245,0.043370721342970035,1.1528923156177994e-100,Significant
Days in Hospital,1149380,0.8556255316498977,0.002931621269487631,0,Significant
Days in Hospital,1150345,0.8135664740438747,0.004385568496121171,0,Significant
Days in Hospital,1154077,0.8398281035136099,0.019079673205773418,0,Significant
Days in Hospital,1156378,0.4729628020727082,0.023497666818513493,4.18955629182296e-90,Significant
Days in Hospital,1167322,1.1791318349556863,0.004880772436792318,0,Significant
Days in Hospital,1177480,0.808464676320972,0.0026547782213438456,0,Significant
Days in Hospital,1178663,0.9028075317793578,0.009714454733263694,0,Significant
Days in Hospital,1185922,0.7095891853737271,0.05376294211991906,8.952171241319873e-40,Significant
Days in Hospital,1189458,0.5593827566919476,0.04509989656308002,2.5111152707324175e-35,Significant
Days in Hospital,1189697,0.9419859547719672,0.027280006544619515,2.8193832482683656e-261,Significant
Days in Hospital,1195492,0.823219898473733,0.021961438562687424,1.6298207025890766e-307,Significant
Days in Hospital,1197736,0.5224885466885318,0.08533961049914987,9.214023099342681e-10,Significant
Days in Hospital,1236607,0.9772345928269551,0.03635221897309162,3.5285738540972823e-159,Significant
Days in Hospital,1301125,1.012232009883919,0.011285455531962085,0,Significant
Days in Hospital,1304107,0.9724312184868862,0.036119249557230386,1.1881468452533084e-159,Significant
Days in Hospital,1304643,1.0000617794129667,0.005313731604647322,0,Significant
Days in Hospital,1305058,1.0715159092724542,0.011235109975050048,0,Significant
Days in Hospital,1305447,1.2482415863165939,0.04651669755882803,1.2873513252132707e-158,Significant
Days in Hospital,1308216,1.1218576846727049,0.003135191686743987,0,Significant
Days in Hospital,1309204,0.8726521777507619,0.014665346367053408,0,Significant
Days in Hospital,1314924,1.539273399187219,0.030227404240898256,0,Significant
Days in Hospital,1317640,1.034467502696481,0.013435787200190528,0,Significant
Days in Hospital,1318853,0.979886266096696,0.00643846763210459,0,Significant
Days in Hospital,1321636,1.3653222845965034,0.036604443073725575,1.6808011574412092e-304,Significant
Days in Hospital,1322184,1.3099583417778815,0.0035917655617356426,0,Significant
Days in Hospital,1328165,1.0644184824454301,0.005217857395739912,0,Significant
Days in Hospital,1331235,1.2775630302524439,0.009718126316268665,0,Significant
Days in Hospital,1331270,0.9653023048181202,0.013273088536988466,0,Significant
Days in Hospital,1332418,1.092095977820059,0.002593991954704791,0,Significant
Days in Hospital,1334456,1.1101626214467004,0.006087711637813575,0,Significant
Days in Hospital,1335539,0.23552714687887275,0.0795640773796146,0.003074197556867572,Significant
Days in Hospital,1336825,1.2248384548269458,0.019294581530920462,0,Significant
Days in Hospital,1340128,1.0419573300778058,0.009018385959099543,0,Significant
Days in Hospital,1342001,1.2212127986351706,0.029886995476320833,0,Significant
Days in Hospital,1342439,1.1089533749394982,0.07022804873707898,3.602858766598412e-56,Significant
Days in Hospital,1351557,1.1331296944893663,0.014831491675973677,0,Significant
Days in Hospital,1356461,1.1589090070105696,0.10830130683161918,1.0091952596827369e-26,Significant
Days in Hospital,1396012,0.9478021880492387,0.007410571066771329,0,Significant
Days in Hospital,1436678,0.6947126957804897,0.013533856076490523,0,Significant
Days in Hospital,1504620,1.099969553792894,0.016863875388461243,0,Significant
Days in Hospital,1517824,0.836057167502614,0.008653872763159497,0,Significant
Days in Hospital,1525215,1.1161359606154184,0.011187326819676914,0,Significant
Days in Hospital,1529331,1.062809366881987,0.030453013853285464,7.441399417789085e-267,Significant
Days in Hospital,1547504,1.4100343175223586,0.019551431866811388,0,Significant
Days in Hospital,1548195,0.7391917324400342,0.006084352779403927,0,Significant
Days in Hospital,1549080,0.8373284425899222,0.010515355558994308,0,Significant
Days in Hospital,1554072,1.4333284673457285,0.05237276489877602,6.627520834082246e-165,Significant
Days in Hospital,1580747,1.0584264815399955,0.006426517926937958,0,Significant
Days in Hospital,1702559,0.7635600373994572,0.036283583428068505,2.5828399420750758e-98,Significant
Days in Hospital,1703653,0.8686035586034099,0.04138085249675712,8.0148730623263e-98,Significant
Days in Hospital,1703687,0.9888668387974017,0.005880774013824658,0,Significant
Days in Hospital,1704139,0.9747880193999896,0.014287264404533343,0,Significant
Days in Hospital,1704183,1.0010767698349992,0.011515465333733925,0,Significant
Days in Hospital,1710612,1.1208491357401533,0.028804077866268676,0,Significant
Days in Hospital,1711246,1.1321312921254423,0.023430001660390498,0,Significant
Days in Hospital,1714277,0.9060447152021578,0.010588081361558177,0,Significant
Days in Hospital,1715472,1.1302412749316957,0.07748126002282062,3.383956228056571e-48,Significant
Days in Hospital,1718054,0.6663671954159885,0.020079698052399984,1.7074824004831343e-241,Significant
Days in Hospital,1721543,1.0549874315626873,0.03431321934793425,1.3914673477920078e-207,Significant
Days in Hospital,1724869,0.6408704625073152,0.07984733424177604,1.0054043980077236e-15,Significant
Days in Hospital,1727443,0.7209511069264386,0.05096334697503082,1.9638919923866857e-45,Significant
Days in Hospital,1729720,0.5942681517665929,0.011149345643495713,0,Significant
Days in Hospital,1736971,1.137692349896184,0.015612789520721823,0,Significant
Days in Hospital,1738135,1.1511023838668053,0.02000059528042819,0,Significant
Days in Hospital,1741309,0.4331648919703445,0.013685513042282835,7.266968009368871e-220,Significant
Days in Hospital,1742253,0.830139859877892,0.0029914360997300576,0,Significant
Days in Hospital,1746940,0.6625626219608127,0.007323623973297687,0,Significant
Days in Hospital,1754994,0.7454893194899415,0.004105252137489996,0,Significant
Days in Hospital,1756831,0.9036492271462377,0.01844995008590944,0,Significant
Days in Hospital,1763204,0.7668514491913522,0.011518419845805433,0,Significant
Days in Hospital,1763779,0.09239378304145755,0.06635708164976412,0.1638095938718118,N.S.
Days in Hospital,1769389,1.9387880944893077,0.0637994707226219,7.727977759306239e-203,Significant
Days in Hospital,1781406,1.619700963417697,0.0755920687518492,7.506952532545357e-102,Significant
Days in Hospital,1782521,0.8769653625057566,0.017218372356273742,0,Significant
Days in Hospital,1789276,0.6472416269222045,0.0177373304475966,1.5767668955338828e-291,Significant
Days in Hospital,1794280,0.9495853928262956,0.07197693497227299,9.638829291170728e-40,Significant
Days in Hospital,1797513,0.7374352259451019,0.0033930440065589526,0,Significant
Days in Hospital,19008339,0.830464246365992,0.007763521807093112,0,Significant
Days in Hospital,19010482,0.9046633391180695,0.006357567011327932,0,Significant
Days in Hospital,19049105,0.969260670013844,0.001951208755286186,0,Significant
Drugs,700465,1.5989546005576414,0.06324048598898227,4.824925567560841e-141,Significant
Drugs,704943,1.1828182002806833,0.005323106307527245,0,Significant
Drugs,705103,1.4979966301660765,0.004044136900802177,0,Significant
Drugs,714684,1.7165851652064832,0.02326414679806346,0,Significant
Drugs,715939,1.416495180888136,0.0023830243364563433,0,Significant
Drugs,716968,1.5141846598977082,0.018694061752864387,0,Significant
Drugs,717136,2.103757164974151,0.013888215593091875,0,Significant
Drugs,721724,1.2860739499119949,0.004624743050994856,0,Significant
Drugs,722424,1.6168329191530062,0.020277173926638734,0,Significant
Drugs,730548,1.7425250901843194,0.017092661296801374,0,Significant
Drugs,735340,1.2352236961527858,0.011091853397523898,0,Significant
Drugs,735850,1.3205035167256545,0.01798766701555265,0,Significant
Drugs,739138,1.5118883689835736,0.002410336616996732,0,Significant
Drugs,740275,1.481687275113034,0.006439164541939314,0,Significant
Drugs,741530,1.8972164170792694,0.033868382941621526,0,Significant
Drugs,745466,1.6165390304233542,0.0036916748742644723,0,Significant
Drugs,751347,1.2430373910908932,0.010225449778443862,0,Significant
Drugs,752061,1.671663134419042,0.002287387628813419,0,Significant
Drugs,755695,1.4235678123589919,0.003544696448354953,0,Significant
Drugs,767410,1.8643885041783925,0.03091175729500855,0,Significant
Drugs,778268,1.3395059687125759,0.013370592129396454,0,Significant
Drugs,780369,1.246460141969764,0.007609379672145624,0,Significant
Drugs,781182,0.8809862683081965,0.011472560798128964,0,Significant
Drugs,790253,1.8788764161238,0.019489815932140577,0,Significant
Drugs,795661,0.9930459917082913,0.040295978565723006,4.2889166152069763e-134,Significant
Drugs,797617,1.59332110408416,0.0028407127700531857,0,Significant
Drugs,800878,1.6110801780275759,0.01301794799458052,0,Significant
Drugs,836715,1.5083221320492881,0.004641474200282655,0,Significant
Drugs,904356,1.1223849223013826,0.007570011621300911,0,Significant
Drugs,906914,1.3400021973621097,0.004979341239258842,0,Significant
Drugs,907879,1.4579214205401945,0.002564262175001699,0,Significant
Drugs,916230,1.5560608252955506,0.01252200620567875,0,Significant
Drugs,917006,1.3568722088698382,0.002044747282992917,0,Significant
Drugs,918906,1.4974251165670636,0.0032057388092949744,0,Significant
Drugs,919204,1.5594737685928552,0.003918767938145797,0,Significant
Drugs,920293,1.123091846575255,0.002793447356328097,0,Significant
Drugs,923081,0.8807783157831353,0.0048587493017021085,0,Significant
Drugs,923672,1.1339178422322271,0.004445353893494432,0,Significant
Drugs,924724,1.3033221977714253,0.005008349505841881,0,Significant
Drugs,929435,1.566095052429631,0.00324111255054504,0,Significant
Drugs,931973,1.5594737685928552,0.003918767938145797,0,Significant
Drugs,937368,1.361627677117116,0.01919020901675645,0,Significant
Drugs,951279,1.2025209011115545,0.003851274275081459,0,Significant
Drugs,964339,1.3542300259291873,0.011986532515238377,0,Significant
Drugs,965748,1.1146685161521472,0.0037284755713646507,0,Significant
Drugs,966991,1.7834303385528938,0.001115451900841316,0,Significant
Drugs,974166,1.5422623022177055,0.0015022746970563842,0,Significant
Drugs,985708,1.0094963546832958,0.0029595609447234635,0,Significant
Drugs,986117,1.0485929317981912,0.012893531026925142,0,Significant
Drugs,987245,1.5492356440114767,0.0019268509041151397,0,Significant
Drugs,990499,1.6062560425695636,0.0017375823930633005,0,Significant
Drugs,990760,1.5594737685928552,0.003918767938145797,0,Significant
Drugs,992590,2.0318637172780507,0.0036414581319569946,0,Significant
Drugs,997881,1.2365445431874176,0.0020075870172130816,0,Significant
Drugs,1036228,1.366856628489171,0.0033021915782406436,0,Significant
Drugs,1037005,1.3251364574115374,0.0044301981578982194,0,Significant
Drugs,1103552,1.473118220038739,0.035299045334294885,0,Significant
Drugs,1107830,1.1830392252524347,0.002779436057832952,0,Significant
Drugs,1111706,1.5340773047664065,0.01957046130350669,0,Significant
Drugs,1113648,1.3230017668343044,0.006591120014596559,0,Significant
Drugs,1115008,1.1852605084662802,0.0021570098851023127,0,Significant
Drugs,1116031,1.3837500163066039,0.013220912879784094,0,Significant
Drugs,1118045,1.3868974019169302,0.02436496445288427,0,Significant
Drugs,1118084,1.2673241991700863,0.0029943555406813593,0,Significant
Drugs,1118117,1.3014789511192577,0.017368473059662184,0,Significant
Drugs,1126128,1.3950831380518778,0.015456986843696084,0,Significant
Drugs,1136601,1.1057981813662714,0.002643104257910558,0,Significant
Drugs,1136980,1.4405424532217268,0.001565135023597782,0,Significant
Drugs,1137460,1.7231533717851302,0.043804415577796775,0,Significant
Drugs,1137529,1.5251908660189888,0.002368431613205947,0,Significant
Drugs,1139179,1.0954994929485935,0.0060540583972266936,0,Significant
Drugs,1140643,1.2156929972256851,0.004844731712994151,0,Significant
Drugs,1146810,1.5063031990189444,0.021055455068435015,0,Significant
Drugs,1149380,1.350978841055203,0.0014329289054693622,0,Significant
Drugs,1150345,1.2057072302918899,0.002328953788440803,0,Significant
Drugs,1154077,1.3722271107459434,0.009439056912671622,0,Significant
Drugs,1156378,0.8453796119034865,0.013358254529085185,0,Significant
Drugs,1167322,1.6561409872386121,0.0024431367837438795,0,Significant
Drugs,1177480,1.3256699608297344,0.0014389380256040543,0,Significant
Drugs,1178663,1.3888276585125026,0.004960640826356336,0,Significant
Drugs,1185922,1.12402374685261,0.02160963512575729,0,Significant
Drugs,1189458,1.209891082022577,0.02203819687360718,0,Significant
Drugs,1189697,1.301277905252182,0.01384711098577363,0,Significant
Drugs,1195492,1.4888179138715405,0.01063630687047472,0,Significant
Drugs,1197736,1.1836955092028718,0.04296459574244928,4.3663889424554114e-167,Significant
Drugs,1236607,1.539674944919221,0.020081692436333815,0,Significant
Drugs,1301125,1.384170344489897,0.005393710141248129,0,Significant
Drugs,1304107,1.5410160433406288,0.019248473945239573,0,Significant
Drugs,1304643,1.6202274243634944,0.0023636153897072737,0,Significant
Drugs,1305058,1.492573797151176,0.005610798452674815,0,Significant
Drugs,1305447,1.7754560315390202,0.025802034522485855,0,Significant
Drugs,1308216,1.5272781118111631,0.0015663092428283448,0,Significant
Drugs,1309204,1.9626832087190436,0.0055373081482144055,0,Significant
Drugs,1314924,1.5956329997553587,0.016615826388281862,0,Significant
Drugs,1317640,1.4097290418580002,0.006832265287501492,0,Significant
Drugs,1318853,1.5116851109537792,0.0031587918154959926,0,Significant
Drugs,1321636,1.8900944037673606,0.01996408925674389,0,Significant
Drugs,1322184,1.8249397004585501,0.001702587653363016,0,Significant
Drugs,1328165,1.6611556639035459,0.002409393328143496,0,Significant
Drugs,1331235,1.7488934161030487,0.004693498078692882,0,Significant
Drugs,1331270,1.4800522591104015,0.006286496677971932,0,Significant
Drugs,1332418,1.5359250909661506,0.0012861065161060043,0,Significant
Drugs,1334456,1.5161117903468002,0.0029978601291776063,0,Significant
Drugs,1335539,1.4118375486821975,0.028712055399031395,0,Significant
Drugs,1336825,1.7682552897248482,0.010234024325434639,0,Significant
Drugs,1340128,1.917907271105147,0.0037444545791860463,0,Significant
Drugs,1342001,2.0859425207850686,0.012296760532671478,0,Significant
Drugs,1342439,1.8935899508685943,0.03606709874246285,0,Significant
Drugs,1351557,1.5310439237364342,0.007205327686635685,0,Significant
Drugs,1356461,2.1720138575029284,0.05031935225173319,0,Significant
Drugs,1396012,1.2773547888289511,0.0035553642437777893,0,Significant
Drugs,1436678,0.9902249076611495,0.009262440795499616,0,Significant
Drugs,1504620,1.5439545680015878,0.008573790822203132,0,Significant
Drugs,1517824,1.3175683776159137,0.0039426919844818276,0,Significant
Drugs,1525215,1.5274785600846064,0.005076686197724545,0,Significant
Drugs,1529331,1.5286201653989044,0.01402279165515763,0,Significant
Drugs,1547504,1.91244601728055,0.008944622090330293,0,Significant
Drugs,1548195,1.296745664123673,0.0032123570510436757,0,Significant
Drugs,1549080,1.4933629384825116,0.005221789957645521,0,Significant
Drugs,1554072,2.1190128971115887,0.027719032097876736,0,Significant
Drugs,1580747,1.5111708407607367,0.002963434106514545,0,Significant
Drugs,1702559,1.2934944745760977,0.0176998997326974,0,Significant
Drugs,1703653,1.4674901918214038,0.018251351628073384,0,Significant
Drugs,1703687,1.5167572756533083,0.0028345687507459237,0,Significant
Drugs,1704139,1.4764047661051392,0.00695084116259349,0,Significant
Drugs,1704183,1.6299949564240952,0.005594500779464848,0,Significant
Drugs,1710612,1.9110623343179358,0.0129800640305608,0,Significant
Drugs,1711246,1.6723592743863507,0.011243822718618554,0,Significant
Drugs,1714277,1.5589895654050219,0.004728927148384107,0,Significant
Drugs,1715472,1.5724645153023225,0.034540431236338036,0,Significant
Drugs,1718054,1.9011389541151458,0.006684650437971823,0,Significant
Drugs,1721543,1.5020818711093376,0.01616342724568852,0,Significant
Drugs,1724869,1.1751473216726542,0.02551689187555914,0,Significant
Drugs,1727443,1.7850833345679116,0.022774391821419448,0,Significant
Drugs,1729720,1.1285279478813734,0.005542095596101081,0,Significant
Drugs,1736971,1.6213495279986465,0.007577336311047674,0,Significant
Drugs,1738135,1.4885834645516465,0.010880138011187184,0,Significant
Drugs,1741309,0.925042358986105,0.006816084776003174,0,Significant
Drugs,1742253,1.3769675608581318,0.0013896903347743444,0,Significant
Drugs,1746940,1.223378097853657,0.003457852813915994,0,Significant
Drugs,1754994,1.5225912387097615,0.0018162410382774256,0,Significant
Drugs,1756831,1.3489734914859628,0.008699113446346215,0,Significant
Drugs,1763204,1.7661735475152889,0.004626463801311525,0,Significant
Drugs,1763779,0.8818153493416837,0.026140412519764976,1.8478368627234183e-249,Significant
Drugs,1769389,2.9600535327806363,0.03522038202278465,0,Significant
Drugs,1781406,2.5127146034207772,0.04043884142217177,0,Significant
Drugs,1782521,1.4967515933440332,0.008154213402422346,0,Significant
Drugs,1789276,1.27770741037443,0.008454775346941903,0,Significant
Drugs,1794280,0.8669071488219625,0.05352532626726343,5.363677936460727e-59,Significant
Drugs,1797513,1.1543785301859746,0.0016965023584387929,0,Significant
Drugs,19008339,1.5646934691537915,0.003312883298635822,0,Significant
Drugs,19010482,1.3570811333653932,0.0031185285160518785,0,Significant
Drugs,19049105,1.7807904275182047,9.415673273764497e-4,0,Significant
ER visits,700465,0.2381191640784117,0.3489029014118842,0.4949356445980239,N.S.
ER visits,704943,0.2683172366472807,0.06856910749616894,9.112173957433691e-5,Significant
ER visits,705103,0.8274095005550004,0.05325829596356009,1.986212699802319e-54,Significant
ER visits,714684,-1.5688062027413308,1.0170946897015594,0.12296702532746916,N.S.
ER visits,715939,0.6216358950100078,0.0365889156764985,9.783408885515371e-65,Significant
ER visits,716968,1.4468219600452907,0.3726015092723805,1.0316383505872665e-4,Significant
ER visits,717136,1.5199512459036422,0.49968895126391066,0.002351721658918031,Significant
ER visits,721724,0.2720718896793249,0.07603566933283133,3.4595026800522726e-4,Significant
ER visits,722424,1.7440255286198465,0.34828459343208706,5.514942395047276e-7,Significant
ER visits,730548,-12.24893934834487,150.0086240377303,0.9349211423111682,N.S.
ER visits,735340,0.0031464076337062168,0.25706308807973943,0.990234275136777,N.S.
ER visits,735850,0.7680835607677066,0.23307648474950332,9.827670408251098e-4,Significant
ER visits,739138,0.9129431454395794,0.030646224853144277,5.3049287841146585e-195,Significant
ER visits,740275,0.8217157767529623,0.070344899847745307,1.5895637113879838e-31,Significant
ER visits,741530,-12.513912575282676,148.91487263757554,0.9330293983753131,N.S.
ER visits,745466,0.9951965649362663,0.029497638441026014,1.5937277222817988e-249,Significant
ER visits,751347,1.1289132505328998,0.18101242766323847,4.470076141448783e-10,Significant
ER visits,752061,0.6075212197801559,0.04069222172263872,2.1132653483684693e-50,Significant
ER visits,755695,0.7860065118929629,0.040591238888174105,1.555082754058162e-83,Significant
ER visits,767410,0.41076784459318605,0.293121602056538,0.16110751153894345,N.S.
ER visits,778268,0.5475762478920327,0.21697376148960978,0.01161276434531407,Significant
ER visits,780369,0.4083247445572056,0.14165430783948393,0.003944783088969542,Significant
ER visits,781182,0.3706252437197777,0.17526823799292354,0.034462580152562435,Significant
ER visits,790253,0.48260036995849354,0.6582763437659744,0.4634807802905635,N.S.
ER visits,795661,2.694931826183324,1.0949766850994793,0.013848188949055072,Significant
ER visits,797617,0.6963872121722245,0.036933350133100395,2.6612423316233177e-79,Significant
ER visits,800878,1.0927632306065624,0.1241851758994497,1.3746873662328332e-18,Significant
ER visits,836715,0.750630977407654,0.09853864539330735,2.583749116922249e-14,Significant
ER visits,904356,0.5192429923330322,0.17406010076807238,0.0028532168467182086,Significant
ER visits,906914,0.529819486018829,0.08433788251250804,3.3401777629272863e-10,Significant
ER visits,907879,0.702945750869801,0.04198442675435486,6.368291188676877e-63,Significant
ER visits,916230,0.6292068743970339,0.26675593739143155,0.01833728814340073,Significant
ER visits,917006,0.5428981829655716,0.024459010614487398,3.733713539546147e-109,Significant
ER visits,918906,0.7485022559642215,0.055836641250730984,5.635869586610336e-41,Significant
ER visits,919204,0.7667098640521441,0.08439863854078929,1.0428500730042268e-19,Significant
ER visits,920293,0.5056707321005729,0.0402861341835251,3.8769508848569396e-36,Significant
ER visits,923081,0.4022354366352133,0.0719743550143072,2.2891567243331203e-8,Significant
ER visits,923672,0.9377804482001574,0.04002244714755227,2.047773672231321e-121,Significant
ER visits,924724,0.5549137863059729,0.07943014896520562,2.824597664769401e-12,Significant
ER visits,929435,0.4038021316993949,0.09351854337483737,1.5753287086850725e-5,Significant
ER visits,931973,0.7667098640521441,0.08439863854078929,1.0428500730042268e-19,Significant
ER visits,937368,0.15971672791085764,0.38729660192590665,0.6800545712748423,N.S.
ER visits,951279,0.43230617761552387,0.06838548619092483,2.588568074037656e-10,Significant
ER visits,964339,-0.1448989191740187,0.2627175755998499,0.5812644213870326,N.S.
ER visits,965748,0.8331873618405998,0.038608763954249,2.752850532655678e-103,Significant
ER visits,966991,0.8890729206753086,0.013208997939634513,0,Significant
ER visits,974166,0.7722035079557121,0.0211191133656965,1.0606043395767672e-292,Significant
ER visits,985708,0.14697773285788315,0.056265943851367406,0.008996238363601007,Significant
ER visits,986117,0.09501513867290837,0.17089578500941524,0.5782225265531427,N.S.
ER visits,987245,0.7646485729287568,0.033851130204737824,5.613737703612994e-113,Significant
ER visits,990499,0.8667599960540749,0.030109816367375617,3.154054613641454e-182,Significant
ER visits,990760,0.7667098640521441,0.08439863854078929,1.0428500730042268e-19,Significant
ER visits,992590,0.6318790422667667,0.12738278718773505,7.03212645416174e-7,Significant
ER visits,997881,0.6219057840473863,0.027239962103137956,2.2759712914277137e-115,Significant
ER visits,1036228,0.3323104766051248,0.055782340967801484,2.564860191789559e-9,Significant
ER visits,1037005,0.42279832279344054,0.11812379305107697,3.4454000802059e-4,Significant
ER visits,1103552,0.24851137443042842,14772.26775670949,0.9999865773223111,N.S.
ER visits,1107830,0.6751598881841219,0.028462188233305645,2.1744206789139806e-124,Significant
ER visits,1111706,0.4692996665040043,0.5589730064118531,0.401146816974035,N.S.
ER visits,1113648,0.5746488542454065,0.0936100207720836,8.317144256776854e-10,Significant
ER visits,1115008,0.9208698213858519,0.01566949397186427,0,Significant
ER visits,1116031,1.4651909164576347,0.34155294631204647,1.7884095937562897e-5,Significant
ER visits,1118045,0.7453510832772209,0.36092658192086974,0.03891312035293398,Significant
ER visits,1118084,0.324197165870472,0.0661624624031385,9.582854504116423e-7,Significant
ER visits,1118117,-0.756530839622041,1.0402887272793768,0.4670840889744419,N.S.
ER visits,1126128,0.45049082728133116,0.14280255366397995,0.001606955662968266,Significant
ER visits,1136601,0.642954091770534,0.03418006956118322,6.161339420790882e-79,Significant
ER visits,1136980,1.0747592763869884,0.013729465225770234,0,Significant
ER visits,1137460,-12.303849801826416,309.4128052950102,0.9682803523018144,N.S.
ER visits,1137529,0.8159381696815942,0.031426191675214404,1.2756510375472969e-148,Significant
ER visits,1139179,0.2057388347890031,0.23303085995684258,0.37729983724066807,N.S.
ER visits,1140643,0.17763962340040848,0.06548772382513798,0.006676494487721858,Significant
ER visits,1146810,-0.3189035890446035,0.7475416602865699,0.6696684400202046,N.S.
ER visits,1149380,0.7461678496109335,0.02100388610347814,2.005185378923197e-276,Significant
ER visits,1150345,0.29227035084611014,0.038368129640380354,2.5857727341469423e-14,Significant
ER visits,1154077,0.12463169880638467,0.1935460457863977,0.5196154877795585,N.S.
ER visits,1156378,-0.033364248081761035,0.15570467262211937,0.8303294605507744,N.S.
ER visits,1167322,0.8388632184645497,0.056852517317488124,2.853694061576739e-49,Significant
ER visits,1177480,1.1108024450946632,0.010393408217177973,0,Significant
ER visits,1178663,0.698507600931792,0.06654772330470711,8.979346724987187e-26,Significant
ER visits,1185922,0.4265260590409046,0.552770239608262,0.4403422188614416,N.S.
ER visits,1189458,-11.858774812789573,150.6975565400533,0.9372771723469251,N.S.
ER visits,1189697,0.4213914734184591,0.4316527283712854,0.3289514978626295,N.S.
ER visits,1195492,0.1204672672471233,0.27176308007893374,0.6575628765702627,N.S.
ER visits,1197736,-12.60456543958107,365.25246401820834,0.9724711168594802,N.S.
ER visits,1236607,0.44262095856597106,0.26117488551342244,0.0901266193063868,N.S.
ER visits,1301125,0.7718506322823769,0.11671236628639979,3.759166258678131e-11,Significant
ER visits,1304107,0.133232085789662,0.38989664023694337,0.732568171196861,N.S.
ER visits,1304643,0.9350514177230868,0.05021955399653488,2.2425161920655595e-77,Significant
ER visits,1305058,0.6073168240621226,0.10286779217129308,3.550981235861445e-9,Significant
ER visits,1305447,1.0097681596660422,0.2947709560592989,6.134371502080871e-4,Significant
ER visits,1308216,0.8709284292268927,0.01975941574127279,0,Significant
ER visits,1309204,0.5519603783792023,0.1283362881821933,1.701127765709577e-5,Significant
ER visits,1314924,1.6115093879486637,0.47415526287787185,6.77080375160039e-4,Significant
ER visits,1317640,0.8361753911914299,0.11088796311969029,4.673736664849944e-14,Significant
ER visits,1318853,0.7793080287867056,0.042084638573454916,1.4882942708354308e-76,Significant
ER visits,1321636,1.4920411312890087,0.37155805931918245,5.928623187216004e-5,Significant
ER visits,1322184,0.9474183405853548,0.030035829970253645,2.2409924362901668e-218,Significant
ER visits,1328165,0.5374350707010738,0.04378004778391976,1.2217950604180454e-34,Significant
ER visits,1331235,1.0258538655832812,0.06372194877260455,2.5964169090450808e-58,Significant
ER visits,1331270,1.1815034517213445,0.10675133514856902,1.7974023876996633e-28,Significant
ER visits,1332418,0.7517302183476898,0.019460300247501852,0,Significant
ER visits,1334456,0.9357157731753862,0.06316853063937573,1.2072010544636331e-49,Significant
ER visits,1335539,-12.25513174642647,217.9205199837817,0.955153241966426,N.S.
ER visits,1336825,0.3569425791660286,0.24494669035761948,0.14505412597931114,N.S.
ER visits,1340128,1.102133987288378,0.05752673234989247,8.198674097126902e-82,Significant
ER visits,1342001,0.9755764240666018,0.17420625054351585,2.1419981008342804e-8,Significant
ER visits,1342439,0.7915955283816061,0.6123565448876129,0.19611358184576438,N.S.
ER visits,1351557,0.6479793401592894,0.15357978664654134,2.4520254640626834e-5,Significant
ER visits,1356461,1.421924477440235,0.8658401584217666,0.10053856880866963,N.S.
ER visits,1396012,0.5833966660284635,0.06882482382182882,2.319814893616727e-17,Significant
ER visits,1436678,0.37519062010955445,0.172784535412263,0.02989820401050442,Significant
ER visits,1504620,0.8453242300453652,0.12952683637896883,6.743771972302809e-11,Significant
ER visits,1517824,0.5221838842662802,0.07744730257574732,1.5574727361229417e-11,Significant
ER visits,1525215,0.8433608010373156,0.0683992015969555,6.24620751416389e-35,Significant
ER visits,1529331,0.49778740039303604,0.2677019194757242,0.06295858394331189,N.S.
ER visits,1547504,0.9419288792443838,0.13165196955549338,8.386291893503043e-13,Significant
ER visits,1548195,0.18923180052644153,0.08703471415063471,0.02968932056120379,Significant
ER visits,1549080,0.08775250689691524,0.1326103246968655,0.5081429370549736,N.S.
ER visits,1554072,1.569521873993568,0.4834857665183077,0.0011693083074621967,Significant
ER visits,1580747,0.7098071392864902,0.050034475744498166,1.1128539924858311e-45,Significant
ER visits,1702559,-0.1007896438766783,0.40128496813837755,0.8016848000318392,N.S.
ER visits,1703653,0.08829572495533622,0.25425648456715144,0.7283882632885732,N.S.
ER visits,1703687,0.59847221378311255,0.05212570313358155,1.6374886586852264e-30,Significant
ER visits,1704139,0.2829240289282999,0.33455821167988997,0.3977398888893948,N.S.
ER visits,1704183,0.6464970780894141,0.07003397799244973,2.6763738745589168e-20,Significant
ER visits,1710612,0.9709686262032761,0.11576283330807173,4.963024798258657e-17,Significant
ER visits,1711246,0.760989578749696,0.20317337677856498,1.8002180095972673e-4,Significant
ER visits,1714277,0.659837004475361,0.15695319427609486,2.621962814702238e-5,Significant
ER visits,1715472,1.3935414390189746,0.3379773320965266,3.7367715810550424e-5,Significant
ER visits,1718054,1.12278208590146,0.17636753968312618,1.9383278953108425e-10,Significant
ER visits,1721543,-0.06967064924579676,0.30731021842540085,0.8206483659737962,N.S.
ER visits,1724869,1.0158307472457826,0.2763464317248595,2.3698245865324773e-4,Significant
ER visits,1727443,1.039667774746662,0.4390842338918219,0.017893751697784333,Significant
ER visits,1729720,0.8981084866011858,0.05393170366651305,2.892519064885058e-62,Significant
ER visits,1736971,0.543611362513935,0.08433394459938805,1.1488776470836874e-10,Significant
ER visits,1738135,0.8433737470834829,0.08106385441337931,2.3818880348922214e-25,Significant
ER visits,1741309,0.19126627481646405,0.07714068037715333,0.013158606295446018,Significant
ER visits,1742253,0.7149429865862696,0.02206964695818709,3.243177363367228e-230,Significant
ER visits,1746940,0.5579804420916156,0.05586068536742119,1.7065863219148885e-23,Significant
ER visits,1754994,0.44816378877465934,0.0344691809754932,1.1938876137809145e-38,Significant
ER visits,1756831,0.540952579481052,0.08307605201215672,7.438693428928927e-11,Significant
ER visits,1763204,0.3633562534040171,0.12707695772420974,0.004245232469878382,Significant
ER visits,1763779,0.49872079896362814,0.35268765469747543,0.15734487412107875,N.S.
ER visits,1769389,1.5655660271843574,0.29999713912453785,1.8027752988940686e-7,Significant
ER visits,1781406,1.218568214724351,0.4286535738265289,0.004472179525002951,Significant
ER visits,1782521,0.5590020630086472,0.12094899785592875,3.8042491937788938e-6,Significant
ER visits,1789276,-0.41470187979853945,0.3961496832719516,0.29517740112644797,N.S.
ER visits,1794280,-0.028580453958703806,0.7453550190885289,0.9694128094262761,N.S.
ER visits,1797513,0.6816532131133782,0.02627834713601121,2.374450320442477e-148,Significant
ER visits,19008339,0.5523641692662439,0.0582886811838062,2.6332351613342348e-21,Significant
ER visits,19010482,0.5214346355403467,0.0818149358726393,1.8495179895031134e-10,Significant
ER visits,19049105,0.5851502943551423,0.014768041844552517,0,Significant
Inpatient visits,700465,-0.3152660375406678,1.0606599258140474,0.7662865378987406,N.S.
Inpatient visits,704943,0.905490908215468,0.08838340403505607,1.2458211001473286e-24,Significant
Inpatient visits,705103,1.516708272325223,0.057919350301986035,3.7811118032546955e-151,Significant
Inpatient visits,714684,1.1518624551679097,0.3721857442174163,0.001969063815801157,Significant
Inpatient visits,715939,1.0989322524297638,0.03862143758753439,4.3551118049247566e-178,Significant
Inpatient visits,716968,1.5735737994491368,0.25043685864952125,3.3142745676297903e-10,Significant
Inpatient visits,717136,1.4567706527656106,0.2527572856466118,8.237945333494076e-9,Significant
Inpatient visits,721724,1.019800368281362,0.08171029467933519,9.51655802015899e-36,Significant
Inpatient visits,722424,1.8112343358002883,0.29232537952429666,5.793338401496492e-10,Significant
Inpatient visits,730548,2.178960977993866,0.27288604881214956,1.4066481743260535e-15,Significant
Inpatient visits,735340,0.421435777671588,0.2603504548708077,0.10550645561909101,N.S.
Inpatient visits,735850,1.0483281563294093,0.18959384422468933,3.21444297091863e-8,Significant
Inpatient visits,739138,1.2826032140907109,0.037154374161320815,3.8943340815300284e-261,Significant
Inpatient visits,740275,1.4465883660785757,0.09027826172342994,8.735066345330279e-58,Significant
Inpatient visits,741530,2.246253624236166,0.7637463889651565,0.0032705015055609363,Significant
Inpatient visits,745466,1.2378684649103655,0.050524773099755615,1.4688963200481934e-132,Significant
Inpatient visits,751347,0.9061326184582679,0.1627758618500019,2.595335106759242e-8,Significant
Inpatient visits,752061,1.354799236362447,0.0344546310367409,0,Significant
Inpatient visits,755695,1.2813061476469219,0.05403479883717878,2.6725420280109287e-124,Significant
Inpatient visits,767410,1.0613554133158098,0.4454347773711861,0.01718431052412744,Significant
Inpatient visits,778268,1.2619256363706555,0.2056877610573514,8.50779190968846e-10,Significant
Inpatient visits,780369,0.8401985038768159,0.16588734126374458,4.0867027614681385e-7,Significant
Inpatient visits,781182,0.2592458783915601,0.3078631962304897,0.39974237883259933,N.S.
Inpatient visits,790253,0.23128594273310718,0.41975010609017777,0.5816277392997433,N.S.
Inpatient visits,795661,1.2796503812819011,0.36086540778990067,3.910371893594946e-4,Significant
Inpatient visits,797617,1.1460316505166803,0.042577786767690584,1.4199000349946613e-159,Significant
Inpatient visits,800878,0.9243750240408256,0.16136715301340374,1.0138441749927976e-8,Significant
Inpatient visits,836715,1.5685349098858679,0.05913695884399341,5.156901450086518e-155,Significant
Inpatient visits,904356,0.26570017035544424,0.16209813784712804,0.10118586763947594,N.S.
Inpatient visits,906914,0.6745429909019509,0.09504822596232614,1.276325650595184e-12,Significant
Inpatient visits,907879,0.6478910006911798,0.05182968087788695,7.428998816920497e-36,Significant
Inpatient visits,916230,1.376421520361923,0.20479018012636274,1.8032003526396837e-11,Significant
Inpatient visits,917006,0.9021372929915158,0.029240139729041967,5.1532958930706e-209,Significant
Inpatient visits,918906,1.4588129664913663,0.0432639088407328,3.051528003260993e-249,Significant
Inpatient visits,919204,1.0962641255862307,0.06683818679687985,1.857665969206332e-60,Significant
Inpatient visits,920293,0.5533143872546459,0.05753486910288838,6.776137335657835e-22,Significant
Inpatient visits,923081,0.5940146281429103,0.1038185317185734,1.0548652709827145e-8,Significant
Inpatient visits,923672,0.7049311444402946,0.08768252044443584,9.014266576370458e-16,Significant
Inpatient visits,924724,0.9581659930304579,0.10966875127274915,2.3957352194973673e-18,Significant
Inpatient visits,929435,0.668421288142611,0.06763019989296166,4.9100791572732183e-23,Significant
Inpatient visits,931973,1.0962641255862307,0.06683818679687985,1.857665969206332e-60,Significant
Inpatient visits,937368,1.5008906138205862,0.36841484129077734,4.622943236978188e-5,Significant
Inpatient visits,951279,0.8253318206831003,0.07145992551499225,7.418575622601002e-31,Significant
Inpatient visits,964339,1.0007196336097044,0.2071935478380232,1.3661648159364797e-6,Significant
Inpatient visits,965748,0.9889759103121635,0.05698499306350593,1.8072556949354415e-67,Significant
Inpatient visits,966991,1.6848188632543617,0.012430931541064142,0,Significant
Inpatient visits,974166,1.4320271372326798,0.022172701489026652,0,Significant
Inpatient visits,985708,0.31151340895144897,0.07262648509590258,1.792746205936692e-5,Significant
Inpatient visits,986117,1.0161722277588727,0.3272739844280272,0.001903055505740604,Significant
Inpatient visits,987245,0.8749852243397928,0.033258237124116505,1.5198258487526928e-152,Significant
Inpatient visits,990499,1.2272187641665802,0.024088700536306195,0,Significant
Inpatient visits,990760,1.0962641255862307,0.06683818679687985,1.857665969206332e-60,Significant
Inpatient visits,992590,0.6752237028090488,0.07736177938667878,2.5891689648513288e-18,Significant
Inpatient visits,997881,0.859791707691426,0.03587172944358433,5.926526284246672e-127,Significant
Inpatient visits,1036228,0.93469631796656,0.06068885292662573,1.6004065519123634e-53,Significant
Inpatient visits,1037005,0.8733816328337216,0.08040471297595127,1.7426686928297796e-27,Significant
Inpatient visits,1103552,0.5354003460272494,0.8007052730005041,0.5037117848762778,N.S.
Inpatient visits,1107830,0.8595714612694729,0.04571054934185166,6.916076869147919e-79,Significant
Inpatient visits,1111706,1.7866014379743775,0.3715990794454456,1.5254409108781735e-6,Significant
Inpatient visits,1113648,1.2698309640813839,0.1403493207852066,1.460835507377012e-19,Significant
Inpatient visits,1115008,0.8324738034742326,0.04143300320532494,8.661831255565292e-90,Significant
Inpatient visits,1116031,1.3146171185732531,0.28672908845371464,4.542574391518204e-6,Significant
Inpatient visits,1118045,1.3106655384275427,0.43777897533919363,0.0027543813304421183,Significant
Inpatient visits,1118084,1.2193993176162718,0.042407693613544434,8.026010838556314e-182,Significant
Inpatient visits,1118117,0.34208071456693756,0.5589805466275465,0.540555961750074,N.S.
Inpatient visits,1126128,0.8002058852804679,0.3867328832292853,0.03853260973460151,Significant
Inpatient visits,1136601,0.40481454920209914,0.0618453331042114,5.925867815959438e-11,Significant
Inpatient visits,1136980,1.3337469000020672,0.01883111982511421,0,Significant
Inpatient visits,1137460,-10.694411889392311,309.41409806362645,0.9724278643211813,N.S.
Inpatient visits,1137529,1.3705990863584276,0.037097762475472064,8.570283975997193e-299,Significant
Inpatient visits,1139179,0.006264741948633807,0.1770230465935095,0.9717692255364159,N.S.
Inpatient visits,1140643,0.5463156176821836,0.10023212298946084,5.0227187364080774e-8,Significant
Inpatient visits,1146810,1.9463257156829525,0.35423072402316536,3.9178757544701406e-8,Significant
Inpatient visits,1149380,1.0558325012076821,0.02580406895857705,0,Significant
Inpatient visits,1150345,0.8224391301345241,0.04735295687913276,1.4347716138463668e-67,Significant
Inpatient visits,1154077,0.6266499747298369,0.2457146543647807,0.01076253684593975,Significant
Inpatient visits,1156378,-0.15417001731497246,0.31959924007523244,0.6295321683975375,N.S.
Inpatient visits,1167322,1.3744055128547943,0.036236313950008606,0,Significant
Inpatient visits,1177480,1.019364862728195,0.019600744577338822,0,Significant
Inpatient visits,1178663,1.4656720678087274,0.07337407115176038,9.026594954826695e-89,Significant
Inpatient visits,1185922,-1.160439006129739,1.0224697119592068,0.256401593416684,N.S.
Inpatient visits,1189458,1.603189390375146,0.5174812746633699,0.001947902686887699,Significant
Inpatient visits,1189697,0.7535253332119587,0.31895058766393986,0.0181514397831295,Significant
Inpatient visits,1195492,0.8387205762237956,0.24980631056702737,7.865542612134984e-4,Significant
Inpatient visits,1197736,1.9883701379741483,1.4139699107869046,0.1596551603592971,N.S.
Inpatient visits,1236607,1.0054062426562425,0.31620892930424005,0.001474972536815008,Significant
Inpatient visits,1301125,1.3711395950630367,0.07671815486917279,1.933955871674792e-71,Significant
Inpatient visits,1304107,1.3080335524607676,0.284520788638235,4.279568946168353e-6,Significant
Inpatient visits,1304643,0.9982757215464179,0.03926955649252035,1.4736606342125462e-142,Significant
Inpatient visits,1305058,1.3775457713466632,0.10001565931520422,3.6896183826250246e-43,Significant
Inpatient visits,1305447,1.54528627808352,0.32271725374612825,1.68150094686113e-6,Significant
Inpatient visits,1308216,1.2833954276946842,0.022731688164806363,0,Significant
Inpatient visits,1309204,1.0090304369043035,0.11011006700041735,5.008522786617204e-20,Significant
Inpatient visits,1314924,1.9971712495803429,0.3298655974218366,1.4085450147518445e-9,Significant
Inpatient visits,1317640,1.3509926249988649,0.1036412121274633,7.707956646094588e-39,Significant
Inpatient visits,1318853,1.2965987792546323,0.04680347188605965,6.416308260659025e-169,Significant
Inpatient visits,1321636,1.2473766207373527,0.30181245951962987,3.58132442574021e-5,Significant
Inpatient visits,1322184,1.8911203857440395,0.018151139937328132,0,Significant
Inpatient visits,1328165,1.306252710578131,0.036615690004352615,9.768209046577664e-279,Significant
Inpatient visits,1331235,1.7735713677620808,0.0583945541667883,1.279374558092387e-202,Significant
Inpatient visits,1331270,1.6423391452054483,0.08368390153565397,9.363499838058896e-86,Significant
Inpatient visits,1332418,1.2561919348041635,0.019001848506271783,0,Significant
Inpatient visits,1334456,1.449837267409609,0.037586009432789405,0,Significant
Inpatient visits,1335539,0.4398893485607304,0.5501188190067658,0.4239274790471413,N.S.
Inpatient visits,1336825,1.4418562629944778,0.16562303438726325,3.15758279129044e-18,Significant
Inpatient visits,1340128,1.4956086613321875,0.05346883725676597,3.6013810685421597e-172,Significant
Inpatient visits,1342001,1.6555415959243107,0.16074112533590995,7.0881744763216605e-25,Significant
Inpatient visits,1342439,2.3114188332314476,0.4528135647954889,3.3154639237822124e-7,Significant
Inpatient visits,1351557,1.5307514017274675,0.10987893562171314,4.091067803471795e-44,Significant
Inpatient visits,1356461,2.1150711518305156,0.8161637427424692,0.009556439021584715,Significant
Inpatient visits,1396012,0.9245083625509376,0.05126647236470414,1.0655121476337895e-72,Significant
Inpatient visits,1436678,0.4076335154038766,0.1754707332338719,0.020174559967987,Significant
Inpatient visits,1504620,1.4161039541426272,0.13999139369655927,4.70880478781447e-24,Significant
Inpatient visits,1517824,1.2402187414590247,0.0551018009340831,3.4834614851278036e-112,Significant
Inpatient visits,1525215,1.8064853678659432,0.06922182883094109,3.938258033627535e-150,Significant
Inpatient visits,1529331,1.9663520607779201,0.1974343890429954,2.2916278324393336e-23,Significant
Inpatient visits,1547504,2.516420450588274,0.07917196063161605,1.06893117255744e-221,Significant
Inpatient visits,1548195,0.7817478243023879,0.07423727606768939,6.257150846542829e-26,Significant
Inpatient visits,1549080,1.3406196647803588,0.10076312567707012,2.17464671179983e-40,Significant
Inpatient visits,1554072,2.262668419434837,0.28481129685143286,1.9505808317890108e-15,Significant
Inpatient visits,1580747,1.442666675394813,0.048109099589146324,1.4327450263473588e-197,Significant
Inpatient visits,1702559,1.1339549039883285,0.4531607745748809,0.012338109098161597,Significant
Inpatient visits,1703653,0.7997920442391288,0.43643552846328265,0.06686879782057664,N.S.
Inpatient visits,1703687,1.1417520645835801,0.04870204307935574,1.53571629641872e-121,Significant
Inpatient visits,1704139,0.8646191287010077,0.12918004371021885,2.1844341135406575e-11,Significant
Inpatient visits,1704183,1.317184167799653,0.0896761750994627,7.669245137349074e-49,Significant
Inpatient visits,1710612,1.3584302743758518,0.1961996086226292,4.3994899278335325e-12,Significant
Inpatient visits,1711246,0.9890593126252992,0.19134459308869267,2.353557486500935e-7,Significant
Inpatient visits,1714277,0.8283064067704975,0.09014366432589033,3.9748140521327805e-20,Significant
Inpatient visits,1715472,1.8635457861435187,0.5175479935999846,3.173362990231244e-4,Significant
Inpatient visits,1718054,0.95377885243471106,0.12544412070239072,2.888588536994494e-14,Significant
Inpatient visits,1721543,0.7035189089377732,0.3148430972111202,0.02544977332721033,Significant
Inpatient visits,1724869,1.6378820060657013,0.557772274173443,0.003319700529945921,Significant
Inpatient visits,1727443,1.0778895193011069,0.5838699927585558,0.06487591516883161,N.S.
Inpatient visits,1729720,0.3975521095119905,0.11975547080081819,9.011457199287216e-4,Significant
Inpatient visits,1736971,1.665069691252093,0.12952912976261,8.084568343930241e-38,Significant
Inpatient visits,1738135,0.8116423124263217,0.1810263809855551,7.340857362612379e-6,Significant
Inpatient visits,1741309,0.09595727145621247,0.17125532646383546,0.5752632310830357,N.S.
Inpatient visits,1742253,0.89703046557353,0.023926361021638805,1.2764585259319137e-307,Significant
Inpatient visits,1746940,0.6976804095188806,0.07025932210308555,3.080206256606945e-23,Significant
Inpatient visits,1754994,0.8200435946803205,0.03448604610320294,5.509242816157886e-125,Significant
Inpatient visits,1756831,1.0592592066838693,0.17284050878380067,8.869160030914413e-10,Significant
Inpatient visits,1763204,1.0386903465774204,0.07689494837552398,1.4044482961270613e-41,Significant
Inpatient visits,1763779,-0.4881826384471222,1.0428220378357016,0.6396872671121611,N.S.
Inpatient visits,1769389,1.6063880202791616,0.34959750672396905,4.328236163462407e-6,Significant
Inpatient visits,1781406,2.2236528973937073,0.5036381776718032,1.0092626417487376e-5,Significant
Inpatient visits,1782521,1.061820982364531,0.15289880711593767,3.795354462689816e-12,Significant
Inpatient visits,1789276,0.6051800758308951,0.18305448582377634,9.463449775230723e-4,Significant
Inpatient visits,1794280,1.4754960889891018,1.2244780080528868,0.2282032737470533,N.S.
Inpatient visits,1797513,0.6864518343668295,0.034061234531187985,2.5093046031833026e-90,Significant
Inpatient visits,19008339,0.8339016555390579,0.060280037542166785,1.5938593944608853e-43,Significant
Inpatient visits,19010482,0.8316529052909154,0.05916034368684994,6.91856646412215e-45,Significant
Inpatient visits,19049105,1.429292761348316,0.011412641667200223,0,Significant
Outpatient visits,700465,2.2511904885599945,0.17791643821429942,1.0757676169723215e-36,Significant
Outpatient visits,704943,0.6367725932434191,0.013067977722619252,0,Significant
Outpatient visits,705103,1.002907467984261,0.008818639184628004,0,Significant
Outpatient visits,714684,1.3489338516778087,0.05398536127768943,8.458404862874724e-138,Significant
Outpatient visits,715939,0.9263389833028298,0.005290219674009074,0,Significant
Outpatient visits,716968,0.8333916475508588,0.04462586998105011,7.897300393424322e-78,Significant
Outpatient visits,717136,1.2218835576391769,0.052840298747750494,2.6507981661368033e-118,Significant
Outpatient visits,721724,0.8143162436873396,0.010882474470062176,0,Significant
Outpatient visits,722424,0.9788684615436939,0.04036823735518505,6.860585259044227e-130,Significant
Outpatient visits,730548,0.8420445327979016,0.04826764498613019,3.7361735487944494e-68,Significant
Outpatient visits,735340,0.49926894461990806,0.02443380398142702,8.418441981690799e-93,Significant
Outpatient visits,735850,1.4296475001492317,0.03923155380597365,9.459996272967728e-291,Significant
Outpatient visits,739138,1.0187491409402736,0.005530744914303339,0,Significant
Outpatient visits,740275,1.0223287374297223,0.016655231859069725,0,Significant
Outpatient visits,741530,0.8422791823456954,0.06662864852777478,1.2481673058877791e-36,Significant
Outpatient visits,745466,0.9157651727269981,0.01097718440009731,0,Significant
Outpatient visits,751347,0.5685641903184503,0.024117491257727795,6.99666104969647e-123,Significant
Outpatient visits,752061,1.1641660109928689,0.005281334047371341,0,Significant
Outpatient visits,755695,1.0401902804197931,0.007950117012671598,0,Significant
Outpatient visits,767410,2.4779738509095397,0.08364255020731781,6.963054281167991e-193,Significant
Outpatient visits,778268,0.8221604244780829,0.030815735759930702,8.056721748745958e-157,Significant
Outpatient visits,780369,0.7517443366016762,0.016375554232822588,0,Significant
Outpatient visits,781182,0.5270834473635252,0.027185180973932962,9.62647829579831e-84,Significant
Outpatient visits,790253,1.0798947781250314,0.04802287481152327,5.552168324764872e-112,Significant
Outpatient visits,795661,0.5171703207829812,0.0893977644022529,7.249180783791543e-9,Significant
Outpatient visits,797617,1.0530785724191294,0.007110850867054661,0,Significant
Outpatient visits,800878,0.9721083250572046,0.025373566812153855,0,Significant
Outpatient visits,836715,0.853060187307229,0.013033137242299932,0,Significant
Outpatient visits,904356,0.6253796864945744,0.017166945502154158,1.4638477802625993e-290,Significant
Outpatient visits,906914,0.5896090601397735,0.013259233418542753,0,Significant
Outpatient visits,907879,0.6864756260062174,0.008775220148489834,0,Significant
Outpatient visits,916230,0.9436568717615541,0.02855323461182067,1.6060177553849101e-239,Significant
Outpatient visits,917006,0.5481527756658652,0.005131457256265529,0,Significant
Outpatient visits,918906,0.9399259237091891,0.007796272024796236,0,Significant
Outpatient visits,919204,1.167305673377107,0.009944781781064801,0,Significant
Outpatient visits,920293,0.6432722974157518,0.006103718684703978,0,Significant
Outpatient visits,923081,0.5391510498722547,0.010431449362853814,0,Significant
Outpatient visits,923672,0.6344773513419675,0.01054757203765344,0,Significant
Outpatient visits,924724,0.7350068189386995,0.011922035980452144,0,Significant
Outpatient visits,929435,0.73988428227387,0.009191622385600508,0,Significant
Outpatient visits,931973,1.167305673377107,0.009944781781064801,0,Significant
Outpatient visits,937368,0.9366368498045329,0.03594958115797603,1.2063509302332168e-149,Significant
Outpatient visits,951279,0.8229398282595893,0.009027057744153227,0,Significant
Outpatient visits,964339,0.9519525372544502,0.025975555388462013,4.9215851096569856e-294,Significant
Outpatient visits,965748,0.6463575423335659,0.009376062279577843,0,Significant
Outpatient visits,966991,1.0146248342532456,0.0029270373450521418,0,Significant
Outpatient visits,974166,1.0808571270845961,0.003271039163974095,0,Significant
Outpatient visits,985708,0.49723914822374904,0.006519752686230561,0,Significant
Outpatient visits,986117,0.5138416803252487,0.0280535279761181,6.114996988098305e-75,Significant
Outpatient visits,987245,0.8992719045937718,0.005609903931896283,0,Significant
Outpatient visits,990499,0.9848997287238817,0.004930600854120598,0,Significant
Outpatient visits,990760,1.167305673377107,0.009944781781064801,0,Significant
Outpatient visits,992590,0.9009585117850115,0.013574302347609424,0,Significant
Outpatient visits,997881,0.6640193090216814,0.0046486157451997995,0,Significant
Outpatient visits,1036228,0.8329037130534216,0.008491170510849732,0,Significant
Outpatient visits,1037005,0.8550128836797,0.011648758433817965,0,Significant
Outpatient visits,1103552,0.9095119039914252,0.06713098385110321,8.106667100775647e-42,Significant
Outpatient visits,1107830,0.8320405907316064,0.006243360173285539,0,Significant
Outpatient visits,1111706,1.26261562713842,0.050083313943226355,3.088108648880596e-140,Significant
Outpatient visits,1113648,0.7939856821898401,0.014798433479465667,0,Significant
Outpatient visits,1115008,0.7955778082997493,0.004533138408661667,0,Significant
Outpatient visits,1116031,0.8983965796056663,0.02841323831589246,2.0274784295458654e-219,Significant
Outpatient visits,1118045,0.4364926598680884,0.05338188729075944,2.9149735544974073e-16,Significant
Outpatient visits,1118084,0.8181731598820245,0.006538791838702017,0,Significant
Outpatient visits,1118117,0.5122713789030247,0.041243361467431225,2.0179062340896762e-35,Significant
Outpatient visits,1126128,0.6791049282556942,0.03203792665449212,1.0198408602063555e-99,Significant
Outpatient visits,1136601,0.571098715756054,0.0062394677075641005,0,Significant
Outpatient visits,1136980,0.8293263964268052,0.003652594177708812,0,Significant
Outpatient visits,1137460,1.205728372506841,0.0980128022387725,8.863969272566461e-35,Significant
Outpatient visits,1137529,1.035212368604408,0.0057950648934215815,0,Significant
Outpatient visits,1139179,0.6209433790182917,0.013168228709628712,0,Significant
Outpatient visits,1140643,0.7717913664835058,0.01038191189494039,0,Significant
Outpatient visits,1146810,0.8316713632119588,0.045548105017761374,1.748759192129227e-74,Significant
Outpatient visits,1149380,0.813686559759011,0.003226685566592712,0,Significant
Outpatient visits,1150345,0.8145938887968918,0.004562002145524824,0,Significant
Outpatient visits,1154077,0.8516065425114353,0.019694866454225527,0,Significant
Outpatient visits,1156378,0.5326494891344692,0.02533893029261691,4.215177720519567e-98,Significant
Outpatient visits,1167322,1.0944047627859308,0.005651027337599514,0,Significant
Outpatient visits,1177480,0.7580803267431486,0.0031187369857389575,0,Significant
Outpatient visits,1178663,0.8871310808213897,0.010868150618687096,0,Significant
Outpatient visits,1185922,0.8388877461682807,0.05867164117795978,2.2515438290761594e-46,Significant
Outpatient visits,1189458,0.5160565370898904,0.04622508477047748,6.118033919936258e-29,Significant
Outpatient visits,1189697,0.9569892505424243,0.02753328211618832,1.066130601820824e-264,Significant
Outpatient visits,1195492,0.785726650290779,0.022785695528241133,1.426188641398563e-260,Significant
Outpatient visits,1197736,0.44970150391307806,0.08685724239196249,2.2490486852111048e-7,Significant
Outpatient visits,1236607,1.0036947308573683,0.038706535391845924,2.9876254632611774e-148,Significant
Outpatient visits,1301125,0.8814601792103122,0.014227839582670201,0,Significant
Outpatient visits,1304107,0.9118238671226423,0.042987510359658095,7.500135952423662e-100,Significant
Outpatient visits,1304643,1.0772128166605366,0.006686627900340212,0,Significant
Outpatient visits,1305058,1.0009035528990018,0.012337821246857237,0,Significant
Outpatient visits,1305447,1.3187587410253871,0.05370411967853507,3.731002682820358e-133,Significant
Outpatient visits,1308216,1.115806336832941,0.0037210980350162646,0,Significant
Outpatient visits,1309204,1.025607552465446,0.019792886460702482,0,Significant
Outpatient visits,1314924,1.5008628032638092,0.03222164441380032,0,Significant
Outpatient visits,1317640,0.9764676916261328,0.014460404497690798,0,Significant
Outpatient visits,1318853,0.9470990088096232,0.007681141048181961,0,Significant
Outpatient visits,1321636,1.4001329390286357,0.04466558850041431,1.0683850402312134e-215,Significant
Outpatient visits,1322184,1.2051652128804327,0.004389873146539254,0,Significant
Outpatient visits,1328165,1.0815153053326036,0.006278212950298486,0,Significant
Outpatient visits,1331235,1.212274278670028,0.01160656725441289,0,Significant
Outpatient visits,1331270,0.8753046846379026,0.01672315149801236,0,Significant
Outpatient visits,1332418,1.11059260874682,0.0029822355991515285,0,Significant
Outpatient visits,1334456,1.0648765550217427,0.006919394006531864,0,Significant
Outpatient visits,1335539,0.17461716592691884,0.10093521158784433,0.08363160302195803,N.S.
Outpatient visits,1336825,1.186042174645959,0.021999685484765916,0,Significant
Outpatient visits,1340128,0.8718346444674431,0.01323746339333143,0,Significant
Outpatient visits,1342001,1.2309333493765833,0.047756441524781916,1.6810723929626269e-146,Significant
Outpatient visits,1342439,0.9984139933406758,0.07580811314030678,1.3011611248308198e-39,Significant
Outpatient visits,1351557,1.044051367544149,0.016668193766311797,0,Significant
Outpatient visits,1356461,1.2207071107284013,0.13028514858461313,7.287475746490856e-21,Significant
Outpatient visits,1396012,1.01271937855693,0.009007215718403409,0,Significant
Outpatient visits,1436678,0.6902451058024346,0.014032479713120943,0,Significant
Outpatient visits,1504620,1.0596006354354448,0.018620864672372603,0,Significant
Outpatient visits,1517824,0.8337436879498707,0.010361613670404815,0,Significant
Outpatient visits,1525215,1.063568766937144,0.013267283911360441,0,Significant
Outpatient visits,1529331,0.8839417405663711,0.035695980823964225,2.2425887518790028e-135,Significant
Outpatient visits,1547504,0.8177359488564377,0.030494679530476288,2.1203864833174036e-158,Significant
Outpatient visits,1548195,0.7362744493729406,0.006202586983655124,0,Significant
Outpatient visits,1549080,0.8142764782102674,0.010931974485151794,0,Significant
Outpatient visits,1554072,1.2968908898657008,0.06161657825576351,2.397506876300397e-98,Significant
Outpatient visits,1580747,1.0213889353004881,0.007276519062875727,0,Significant
Outpatient visits,1702559,0.7568685803563543,0.036760788009742806,3.442654077600496e-94,Significant
Outpatient visits,1703653,0.7870311748398459,0.047175209939247016,1.738029151610605e-62,Significant
Outpatient visits,1703687,0.9912017146330643,0.00681964966204962,0,Significant
Outpatient visits,1704139,0.8836831170974332,0.016561218489093695,0,Significant
Outpatient visits,1704183,1.1039699279654442,0.014056538444968741,0,Significant
Outpatient visits,1710612,1.2659494586493922,0.040215952289383086,1.6951797986442158e-217,Significant
Outpatient visits,1711246,1.1855355063861353,0.028646195677674128,0,Significant
Outpatient visits,1714277,1.0052618164978853,0.012477781763169831,0,Significant
Outpatient visits,1715472,1.4854159068329464,0.10363852063781949,1.3677526896000718e-46,Significant
Outpatient visits,1718054,0.7620064413959022,0.03394985886548322,1.4302750782872653e-111,Significant
Outpatient visits,1721543,0.9564440183808373,0.045697614308313726,2.8642173393217217e-97,Significant
Outpatient visits,1724869,1.0811769391343782,0.13623795357936597,2.088981720289342e-15,Significant
Outpatient visits,1727443,0.6084466862562397,0.055045210423030774,2.1064162787055905e-28,Significant
Outpatient visits,1729720,0.5831277538720152,0.012100440013304915,0,Significant
Outpatient visits,1736971,1.2416187136498666,0.0194548794941695,0,Significant
Outpatient visits,1738135,1.2762265447002714,0.02538337345732573,0,Significant
Outpatient visits,1741309,0.4918313466620309,0.014663635000040642,1.2224883177847905e-246,Significant
Outpatient visits,1742253,0.8127955556401346,0.00351783831256703,0,Significant
Outpatient visits,1746940,0.6297295064171377,0.008188469731294156,0,Significant
Outpatient visits,1754994,0.7560739470357031,0.004867273322121211,0,Significant
Outpatient visits,1756831,0.9591523437951408,0.024222515018108903,0,Significant
Outpatient visits,1763204,0.7001340563109529,0.015590639466846272,0,Significant
Outpatient visits,1763779,0.18979536565606686,0.0703773752730401,0.007000434570702059,Significant
Outpatient visits,1769389,1.9988180320639357,0.08067094763706707,1.5704236267311586e-135,Significant
Outpatient visits,1781406,2.386426666162638,0.10383741201489059,7.001240215097661e-117,Significant
Outpatient visits,1782521,0.8194756609318369,0.02063391629107442,0,Significant
Outpatient visits,1789276,0.6472493279636081,0.018509680568568224,6.861487847665911e-268,Significant
Outpatient visits,1794280,0.9943060105647228,0.07235406329634216,5.6703831354064985e-43,Significant
Outpatient visits,1797513,0.7336662011639413,0.003632482992998179,0,Significant
Outpatient visits,19008339,1.0258675732914195,0.009774809118263702,0,Significant
Outpatient visits,19010482,0.9453062493597912,0.006877270889703112,0,Significant
Outpatient visits,19049105,0.9004238997600781,0.002352625734023491,0,Significant
Visits,700465,1.5979400851060748,0.14016872969481012,4.175518350804083e-30,Significant
Visits,704943,0.6284242117331006,0.012623214093648529,0,Significant
Visits,705103,1.0099483783637022,0.00855070327715053,0,Significant
Visits,714684,1.304854393934796,0.05292152624235249,3.142036832293933e-134,Significant
Visits,715939,0.92457841897407,0.005157409359256311,0,Significant
Visits,716968,0.8507816053388312,0.04344704370615664,2.2004386483644543e-85,Significant
Visits,717136,1.2465953007149555,0.05074541590619608,2.941375025717612e-133,Significant
Visits,721724,0.804300005407774,0.010605199271745561,0,Significant
Visits,722424,0.995470279688015,0.03954230484005533,7.561016914819094e-140,Significant
Visits,730548,0.8604697993558845,0.046967548794405956,5.677045201108869e-75,Significant
Visits,735340,0.495227653896888,0.0241703366360705,2.6950681074851632e-93,Significant
Visits,735850,1.3732003228125516,0.037528328537577274,3.971840906088591e-293,Significant
Visits,739138,1.0234235125302011,0.005343980137851123,0,Significant
Visits,740275,1.0251211804005556,0.01576176123064095,0,Significant
Visits,741530,0.8138878832166494,0.06585080166373698,4.3244010200967385e-35,Significant
Visits,745466,0.9394204205413321,0.009923385713129082,0,Significant
Visits,751347,0.5872165064060224,0.023531220315169948,1.894763188507808e-137,Significant
Visits,752061,1.1600054896422813,0.005131510495221626,0,Significant
Visits,755695,1.0325167103364776,0.0076726926227271754,0,Significant
Visits,767410,2.186110243371998,0.07467699462105437,2.2090521576281562e-188,Significant
Visits,778268,0.8294360540762646,0.02992196903426062,4.012034211575892e-169,Significant
Visits,780369,0.7476605532664121,0.016160617758997457,0,Significant
Visits,781182,0.5214520583663913,0.026593513085005623,1.3149738431596836e-85,Significant
Visits,790253,1.0697758689940968,0.04734069584820053,4.5982050359469975e-113,Significant
Visits,795661,0.5819681158912897,0.08539604371763025,9.430924785699857e-12,Significant
Visits,797617,1.0456312448271532,0.006818321195150997,0,Significant
Visits,800878,0.9794226686544917,0.024411711990912605,0,Significant
Visits,836715,0.8809463250559857,0.012503181247589017,0,Significant
Visits,904356,0.6241354287973044,0.01690175931482687,1.6889816216190612e-298,Significant
Visits,906914,0.5965557251928268,0.012861509112998631,0,Significant
Visits,907879,0.6991596082586271,0.008279313911879778,0,Significant
Visits,916230,0.9526024186816912,0.027885928010497493,9.279823224212997e-256,Significant
Visits,917006,0.5705703084712642,0.004869418253427402,0,Significant
Visits,918906,0.9528193871867614,0.007536626401447701,0,Significant
Visits,919204,1.1637786891653397,0.009677886769305458,0,Significant
Visits,920293,0.6399431120723958,0.005968353772277876,0,Significant
Visits,923081,0.5348747932798327,0.010235448017455307,0,Significant
Visits,923672,0.6590156549964336,0.010029653716854325,0,Significant
Visits,924724,0.7351784919834213,0.011661781948967918,0,Significant
Visits,929435,0.7387537602741174,0.008985618174348035,0,Significant
Visits,931973,1.1637786891653397,0.009677886769305458,0,Significant
Visits,937368,0.9411722974969956,0.035344244452171054,3.156583983174621e-156,Significant
Visits,951279,0.8166455306541841,0.008805390854928418,0,Significant
Visits,964339,0.9356967337092965,0.025510418535909973,1.5787390676594186e-294,Significant
Visits,965748,0.6667543023126108,0.00889820380401154,0,Significant
Visits,966991,1.0467842492402228,0.002738681213301827,0,Significant
Visits,974166,1.080155820616113,0.0031757757412623987,0,Significant
Visits,985708,0.4915475994494686,0.006423706538629642,0,Significant
Visits,986117,0.5074319920972328,0.02743426754125688,2.2121190516860425e-76,Significant
Visits,987245,0.9042100301579118,0.00537327085866778,0,Significant
Visits,990499,0.9961646762160019,0.004705598455489865,0,Significant
Visits,990760,1.1637786891653397,0.009677886769305458,0,Significant
Visits,992590,0.9018209747115951,0.01309631101951415,0,Significant
Visits,997881,0.6685088625546814,0.0045132691478324645,0,Significant
Visits,1036228,0.8245368304301021,0.00822387611236333,0,Significant
Visits,1037005,0.8560447827632219,0.011334323224426712,0,Significant
Visits,1103552,0.9053347184692827,0.06687750982421131,9.430646171704848e-42,Significant
Visits,1107830,0.8261785241601226,0.005992156167737017,0,Significant
Visits,1111706,1.2508711444169958,0.04899947200838637,9.57522478036388e-144,Significant
Visits,1113648,0.7913657991530849,0.014488584811156472,0,Significant
Visits,1115008,0.8043647714299961,0.00430145694005017,0,Significant
Visits,1116031,0.9077123344215573,0.02812800389673268,1.7989500584418095e-228,Significant
Visits,1118045,0.45148586608294056,0.05236793188956513,6.612964183267782e-18,Significant
Visits,1118084,0.8215046572883832,0.006409336358113668,0,Significant
Visits,1118117,0.5056738969990002,0.0410779956438323,7.993222819392182e-35,Significant
Visits,1126128,0.6662784238540745,0.0310988713797186,7.894248854809051e-102,Significant
Visits,1136601,0.5711974712875009,0.006065884700584087,0,Significant
Visits,1136980,0.8639838299464172,0.0034335965853582386,0,Significant
Visits,1137460,1.1851090893048297,0.0976510878331243,6.794148948648162e-34,Significant
Visits,1137529,1.0386623853733565,0.005575958482380369,0,Significant
Visits,1139179,0.6149046919913876,0.01308146345393421,0,Significant
Visits,1140643,0.7498728023756092,0.010143851830638805,0,Significant
Visits,1146810,0.8430777198003261,0.04484539263448985,7.601522987672612e-79,Significant
Visits,1149380,0.8182116954778922,0.0031465362755300624,0,Significant
Visits,1150345,0.8062490457696944,0.004495882645246428,0,Significant
Visits,1154077,0.8426777641180928,0.01947768087272869,0,Significant
Visits,1156378,0.5163547021349809,0.024694887418456515,4.39942950413028e-97,Significant
Visits,1167322,1.1014374965277003,0.005520730580742235,0,Significant
Visits,1177480,0.7935771862136002,0.0029216684678155854,0,Significant
Visits,1178663,0.8938028343061816,0.01053805470537387,0,Significant
Visits,1185922,0.8081118933340232,0.05756441011257854,9.074529985807897e-45,Significant
Visits,1189458,0.5209861385638047,0.045836954804442956,6.17021385101257e-30,Significant
Visits,1189697,0.9491474935201563,0.0273468649396696,6.02406730580271e-264,Significant
Visits,1195492,0.7825673351507952,0.022556728048722396,9.941939077725447e-264,Significant
Visits,1197736,0.4452832999798219,0.0865551723389127,2.6823068957055755e-7,Significant
Visits,1236607,0.9870197010893622,0.03789175964204185,1.4026999088585515e-149,Significant
Visits,1301125,0.8951959281440373,0.013738790816651296,0,Significant
Visits,1304107,0.9056033447927393,0.04190509697909449,1.4211451774679947e-103,Significant
Visits,1304643,1.0762188850118755,0.0064544745228706625,0,Significant
Visits,1305058,1.0013104040085226,0.012097474145769565,0,Significant
Visits,1305447,1.3209901046663544,0.05149466902540105,3.919583246315984e-145,Significant
Visits,1308216,1.1127929646641566,0.00356779046135263,0,Significant
Visits,1309204,1.022438669768304,0.018871502052261086,0,Significant
Visits,1314924,1.5111519764585326,0.031776245613177004,0,Significant
Visits,1317640,0.9828080847166428,0.01413557958429436,0,Significant
Visits,1318853,0.9558937006898487,0.007353702863335369,0,Significant
Visits,1321636,1.3974433037274887,0.04345976089391262,7.548964368610692e-227,Significant
Visits,1322184,1.2388840217504486,0.004168225065752364,0,Significant
Visits,1328165,1.0774483661440182,0.006055147123044188,0,Significant
Visits,1331235,1.2276913612899933,0.011076374093023894,0,Significant
Visits,1331270,0.9074001226564455,0.016041950650450394,0,Significant
Visits,1332418,1.1053708854134152,0.0028863924720518423,0,Significant
Visits,1334456,1.0756276905851097,0.006727264585398597,0,Significant
Visits,1335539,0.14731293474868193,0.09902429431955811,0.13684470340683294,N.S.
Visits,1336825,1.1861149509602862,0.02153864209725027,0,Significant
Visits,1340128,0.9252224698228277,0.012250783195830927,0,Significant
Visits,1342001,1.24815692624917,0.04284220049507956,1.3394364963773823e-186,Significant
Visits,1342439,1.0438471698549097,0.07340550540759853,6.8573600911710565e-46,Significant
Visits,1351557,1.0515598774669022,0.016255117042935543,0,Significant
Visits,1356461,1.2303870893696776,0.1252922914992398,9.22208953993003e-23,Significant
Visits,1396012,1.003618826766999,0.008715184928694972,0,Significant
Visits,1436678,0.6871792428594196,0.01390328545717629,0,Significant
Visits,1504620,1.062127030368343,0.01816555990097788,0,Significant
Visits,1517824,0.8438854913741473,0.009974008160116022,0,Significant
Visits,1525215,1.079674411904427,0.012635445962870022,0,Significant
Visits,1529331,0.9178273072220158,0.03432163185379192,1.5319475702110115e-157,Significant
Visits,1547504,1.006941992325539,0.02669679466673825,0,Significant
Visits,1548195,0.7337210708488773,0.006155296686196026,0,Significant
Visits,1549080,0.8138711850532331,0.010803455827849494,0,Significant
Visits,1554072,1.3446962364587531,0.059086247344479946,1.19051041522053e-114,Significant
Visits,1580747,1.025112115014033,0.007055541506297976,0,Significant
Visits,1702559,0.7468925726099706,0.036417111423193566,1.7752334995210646e-93,Significant
Visits,1703653,0.7626359027717573,0.04564468890260139,1.1442882679563918e-62,Significant
Visits,1703687,0.9862667842741643,0.006648450612200052,0,Significant
Visits,1704139,0.8867070260432793,0.01630141391751554,0,Significant
Visits,1704183,1.0907668414216327,0.013382764031478828,0,Significant
Visits,1710612,1.222811454993649,0.03637785679947031,1.0415297691417607e-247,Significant
Visits,1711246,1.189819072929203,0.027632220358583284,0,Significant
Visits,1714277,1.0043577785778381,0.012215725429432889,0,Significant
Visits,1715472,1.4513009910829522,0.0946733052325798,4.851931382567258e-53,Significant
Visits,1718054,0.7961101178648196,0.03163726775038232,1.001138124288664e-139,Significant
Visits,1721543,0.9511289707978663,0.04305697196237338,3.943025004233525e-108,Significant
Visits,1724869,1.0253727009729183,0.10921770472802789,6.095459025539216e-21,Significant
Visits,1727443,0.6284530106992552,0.05402572706696397,2.818008100369934e-31,Significant
Visits,1729720,0.5983622534505254,0.011677491507832536,0,Significant
Visits,1736971,1.2006186966140528,0.01834155940898292,0,Significant
Visits,1738135,1.223891810153319,0.023485937668686636,0,Significant
Visits,1741309,0.47386575064506237,0.014269834999566312,8.386432622763668e-242,Significant
Visits,1742253,0.8172496526383906,0.003402134272932997,0,Significant
Visits,1746940,0.6309556185159141,0.008001586088397308,0,Significant
Visits,1754994,0.7551291713285452,0.004729522972478496,0,Significant
Visits,1756831,0.9162703509133309,0.02243568733222121,0,Significant
Visits,1763204,0.7143230667387606,0.014985583094461607,0,Significant
Visits,1763779,0.19679260846956567,0.06802810903736212,0.0038180835949821568,Significant
Visits,1769389,1.9324151660814508,0.07516923319267213,9.629615432124435e-146,Significant
Visits,1781406,2.3049446914287954,0.09633886674913289,1.6672474077787348e-126,Significant
Visits,1782521,0.82066731810881,0.01993346170056201,0,Significant
Visits,1789276,0.6422092197872606,0.01834828728848155,2.1689933898942952e-268,Significant
Visits,1794280,0.979403710004721,0.0717984192390504,2.283426007820061e-42,Significant
Visits,1797513,0.7321653396143714,0.003562700162911825,0,Significant
Visits,19008339,1.0076834885081494,0.00939353329994076,0,Significant
Visits,19010482,0.9419360996766198,0.006778036181269639,0,Significant
Visits,19049105,0.9172231341324947,0.0022492299715883538,0,Significant
